Data da pesquisa;Nicho;Região;Rank;Lead;Site;Telefone;Instagram;Endereço;Cidade/Bairro;Tempo de mercado;Nota Google;Qtd. avaliações Google;Último post Instagram;Anuncia Meta Ads;Anuncia Google Ads;Produtos/Serviços;Pessoa responsável;Cargo;Sinal encontrado;Motivo para prospectar;Pontuação;Nível de prioridade;Fonte
2026-09-29;Marcenarias;Grande Florianópolis;1;Marcenaria Steinbach;https://www.marcenariasteinbach.com.br/;(48) 3093-5880 / (48) 99605-5656;https://www.instagram.com/marcenariasteinbach/ (@marcenariasteinbach);Rua Vitor Meirelles, 11;Jardim Eldorado, Palhoça;Desde 1954 (71 anos, 3ª geração);4,5;43;não verificado;não verificado;não verificado;Cozinhas, dormitórios, banheiros, escritórios, closets, home office, ambientes corporativos, projeto 3D;Jeferson Ruminik Steinbach;Proprietário;71 anos, se posiciona como premium, tem página específica para Florianópolis (quer expandir) e boa nota no Google;"Tradição e boa reputação, mas ainda depende de alcance local; anúncios levariam a marca a Florianópolis.";7;Média;https://www.marcenariasteinbach.com.br/ | https://marcenariasteinbach.com.br/floripa/ | https://www.facebook.com/marcenariasteinbach/ | https://cnpj.biz/17135339000106
2026-09-29;Marcenarias;Grande Florianópolis;2;HBR Móveis Sob Medida;https://hbrmoveis.com.br/;(48) 98426-**** (número completo não encontrado);https://www.instagram.com/hbr_moveis/;Rua Sebastiana Coutinho, 1475;Areias, São José;16 anos;5,0;41;não verificado;não verificado;não verificado;"Móveis sob medida: cozinhas, salas, painéis de TV, residencial e comercial; consultoria de interiores gratuita";Rafael Alexandre do Nascimento;Titular do CNPJ;"Nota 5,0 com 41 avaliações; site com páginas por cidade (SEO); canal no YouTube";"Reputação excelente e já investe em SEO; próximo passo natural é mídia paga (verificar se já anuncia).";6;Média;https://hbrmoveis.com.br/ | https://hbrmoveis.com.br/cidades/moveis-sob-medida-palhoca/ | https://www.instagram.com/hbr_moveis/ | https://cnpj.biz/19399628000130
2026-09-29;Marcenarias;Grande Florianópolis;3;Itacell Móveis;https://www.itacellmoveis.com.br/;não encontrado;https://www.instagram.com/itacellmoveis/;R. Manoel Loureiro, 1865;São José (próx. Shopping Itaguaçu);Desde 1993 (~33 anos);não encontrado;não encontrado;não verificado;não verificado;não verificado;Móveis sob medida alto padrão;não encontrado;não encontrado;Showroom de 1.800 m², estacionamento próprio, alto padrão, 33 anos de mercado;Estrutura grande e ticket alto: cada venda a mais paga a gestão de anúncios com folga.;6;Média;https://www.itacellmoveis.com.br/ | https://www.yelp.com/biz/itacell-m%C3%B3veis-s%C3%A3o-jos%C3%A9 | https://www.instagram.com/itacellmoveis/
2026-09-29;Marcenarias;Grande Florianópolis;4;Space Móveis;https://spacemoveis.com.br/;(48) 3238-0627;https://www.instagram.com/spacemoveis/ (1.577 seguidores, 178 posts);Rodovia João Paulo, 1867;João Paulo, Florianópolis;Desde 1992 (30+ anos);não encontrado;não encontrado;não verificado;não verificado;não verificado;"Móveis sob medida alto padrão: cozinhas, dormitórios, livings; ferragens importadas";Alexandre de Almeida / Elizeu de Almeida;Sócios-administradores;Participa da CASACOR SC (2018–2025), alto padrão, Instagram com poucos seguidores para o porte;Marca premium com pouca audiência no Instagram: tráfego pago pode transformar vitrine da CASACOR em demanda.;6;Média;https://spacemoveis.com.br/ | https://www.instagram.com/spacemoveis/ | https://cnpj.biz/00715822000159 | https://www.econodata.com.br/consulta-empresa/00715822000159-ALMEIDA-MOVEIS-PLANEJADOS-LTDA
2026-09-29;Marcenarias;Grande Florianópolis;5;Remi Móveis;https://www.remimoveis.com.br/;(48) 3242-3669 / (48) 3286-9012;https://www.instagram.com/remimoveis/ (2.324 seguidores, 377 posts);Av. Santo Agostinho, 228;Bela Vista, Palhoça;Desde 1990 (36 anos);não encontrado;não encontrado;não verificado;não verificado;não verificado;Móveis sob medida / planejados;não encontrado;não encontrado;"36 anos; ZoomInfo estima 100–249 funcionários; posta com frequência no Instagram";Porte médio-grande e Instagram ativo: base pronta para escalar geração de orçamentos com anúncios.;6;Média;https://www.remimoveis.com.br/sobre.html | https://www.remimoveis.com.br/contato.html | https://www.instagram.com/remimoveis/p/C-6RZbDMwsa/ | https://www.zoominfo.com/c/remi-moveis-sob-medida/560855927
2026-09-29;Marcenarias;Grande Florianópolis;6;Via Mobile Móveis Sob Medida;https://www.viamobile.ind.br/;(48) 3266-5354;https://www.instagram.com/via.mobile/ (7.312 seguidores, 122 posts);Rod. Armando Calil Bulos (SC-403), 3967;Vargem do Bom Jesus, Florianópolis;Desde 2008 (18 anos);não encontrado;não encontrado;não verificado;não verificado;não verificado;Móveis sob medida alto padrão com fábrica própria (projeto, fabricação e instalação);Geovani;Fundador;"Fábrica própria, site com blog, equipe; tem um 2º domínio (viamobileambientesplanejados.com) que pode ser landing page de campanha";"Empresa estruturada que já investe em presença digital; conferir se já anuncia e oferecer gestão/otimização.";5;Média;https://www.viamobile.ind.br/ | https://www.viamobile.ind.br/quem-somos/ | https://www.instagram.com/via.mobile/ | https://viamobileambientesplanejados.com/
2026-09-29;Marcenarias;Grande Florianópolis;7;JH Móveis;https://www.jhmoveis.com.br/;(48) 3369-6962;não encontrado;Vargem do Bom Jesus (endereço completo não encontrado);Vargem do Bom Jesus, Florianópolis;Desde 1944 (3 gerações);não encontrado;não encontrado;não verificado;não verificado;não verificado;Móveis sob medida residenciais e comerciais;Bento de Paula Henrique (fundador, in memoriam) — decisor atual não encontrado;não encontrado;"Declara que mais de 90% dos clientes vêm por indicação; sem Instagram encontrado";Dependência quase total de indicação: é o perfil clássico que precisa de um canal previsível de novos clientes.;5;Média;https://www.jhmoveis.com.br/ | https://www.zoominfo.com/c/jh-mo%CC%81veis/560443179
2026-09-29;Marcenarias;Grande Florianópolis;8;Belluno Móveis Sob Medida;https://bellunomoveis.com.br/;(48) 8404-5869;https://www.instagram.com/belluno.moveis/;Rua Hernani Luis Barbosa, Lote 12, Quadra DS – CEIP 2;Palhoça;CNPJ aberto em 19/03/2015 (~11 anos);não encontrado;não encontrado;não verificado;não verificado;não verificado;Marcenaria personalizada alto padrão, materiais premium;Andre Silveira / Diego Silveira;Sócios-administradores;Alto padrão, site com política de privacidade (estrutura digital), dois sócios, publica vídeos no Facebook;Posicionamento premium e sócios acessíveis: bom encaixe para campanhas segmentadas por renda/região.;5;Média;https://bellunomoveis.com.br/ | https://www.instagram.com/belluno.moveis/ | https://www.facebook.com/bellunomoveis/ | https://www.econodata.com.br/consulta-empresa/22084253000123-belluno-servicos-de-montagem-e-comercio-de-moveis-ltda
2026-09-29;Marcenarias;Grande Florianópolis;9;SM Móveis Planejados;https://www.smmoveisplanejados.com/;não encontrado;https://www.instagram.com/smmoveisplanejados_/;R. Maria Manchen de Souza, 219;Kobrasol, São José;Fábrica desde 2015 (~11 anos);não encontrado;não encontrado;não verificado;não verificado;não verificado;Móveis sob medida planejados;Sérgio Endrigo;Responsável/comando da empresa;"Fábrica própria; dono com 20+ anos de experiência";Decisor identificado e fábrica própria, o que facilita a abordagem direta.;5;Média;https://www.smmoveisplanejados.com/ | https://www.instagram.com/smmoveisplanejados_/ | https://www.marcenarias.net.br/sobre/sm-moveis-moveis-sob-medida-planejados
2026-09-29;Marcenarias;Grande Florianópolis;10;Marcenaria Florianópolis (mesmo endereço/telefone da Solucione Marcenaria);https://www.marcenariaflorianopolis.com.br/ | https://solucionemarcenaria.com.br/;(48) 99945-3540 / (48) 3269-1331;https://www.instagram.com/marcenariaflorianopolis/ (3.080 seguidores);Estrada Cristóvão Machado de Campos, 6768;Vargem Grande, Florianópolis;15+ anos;não encontrado;não encontrado;não verificado;não verificado;não verificado;Móveis planejados alto padrão sob medida;Charles Mombach (titular do CNPJ da Solucione — confirmar vínculo);Titular do CNPJ;Duas marcas/sites no mesmo endereço, domínio com palavra-chave exata (aposta em busca orgânica);"Já disputa buscas por 'marcenaria Florianópolis'; Google Ads captura essa demanda de forma imediata.";4;Baixa;https://www.marcenarias.net.br/sobre/marcenaria-florianopolis | https://listatudo.com.br/santa-catarina/florianopolis-e-regiao/florianopolis/construcao-civil-e-meio-ambiente/construcao-civil/interiores/marcenarias/solucione-marcenaria/ | https://econodata.com.br/consulta-empresa/34882457000199-CHARLES-MOMBACH | https://www.instagram.com/marcenariaflorianopolis/
2026-09-29;Marcenarias;Grande Florianópolis;11;Arte Factu Móveis Sob Medida;https://www.moveisartefactu.com.br/;(48) 3266-7078 / (48) 99903-0072;não encontrado (Facebook: https://www.facebook.com/artefactumoveis/);Rod. SC-403, Km 03, nº 2562;Vargem do Bom Jesus, Florianópolis;16 anos;não encontrado;não encontrado;não verificado;não verificado;não verificado;Móveis sob medida em MDF, residencial e comercial, fabricação própria;não encontrado;não encontrado;16 anos, fábrica própria, sem Instagram encontrado;Estrutura de fábrica com presença digital fraca: grande espaço para ganho com anúncios no Norte da Ilha.;4;Baixa;https://moveisartefactu.com.br/empresa.html | https://www.moveisartefactu.com.br/ | https://www.facebook.com/artefactumoveis/
2026-09-29;Marcenarias;Grande Florianópolis;12;Kretzer Móveis;https://kretzermoveis.com.br/;(48) 3243-2164 / (48) 3243-6067;https://www.instagram.com/kretzermoveis/;Rua das Acácias, 150;Jardim Janaína, Biguaçu;Desde 2015 (~11 anos);não encontrado;não encontrado;não verificado;não verificado;não verificado;Móveis planejados / personalizados;não encontrado;não encontrado;"Página no LinkedIn e Instagram; 11 anos";Empresa estabelecida em Biguaçu com canais digitais montados, pronta para receber tráfego.;4;Baixa;https://www.marcenarias.net.br/sobre/kretzer-moveis-planejados | https://www.instagram.com/kretzermoveis/ | https://br.linkedin.com/company/kretzermoveis | https://www.solutudo.com.br/empresas/sc/biguacu/moveis-planejados-marcenarias/zuhause-kretzer-comercio-de-moveis-ltda-14649752
2026-09-29;Marcenarias;Grande Florianópolis;13;Casser Marcenaria;não encontrado;(48) 3269-3972;https://www.instagram.com/cassermarcenaria/ (2.675 seguidores);não encontrado;Ingleses do Rio Vermelho, Florianópolis;Desde 2017 (~9 anos);não encontrado;não encontrado;não verificado;não verificado;não verificado;Móveis planejados sob medida;não encontrado;não encontrado;"Instagram ativo como vitrine principal; sem site encontrado; associada à Área 55";"Usa o Instagram como canal de vendas; Meta Ads é o próximo passo natural.";4;Baixa;https://www.instagram.com/cassermarcenaria/ | https://area55.com.br/associados/casser-moveis-planejados/
2026-09-29;Marcenarias;Grande Florianópolis;14;Completa Móveis Planejados;https://completamoveisplanejados.com.br/;(48) 98874-2092;https://www.instagram.com/completa_moveis/;não encontrado;Florianópolis;12+ anos;não encontrado;não encontrado;não verificado;não verificado;não verificado;Móveis planejados residenciais e comerciais;não encontrado;não encontrado;"12 anos; Instagram com posicionamento 'Móveis Planejados em Florianópolis' (foco em busca)";"Já pensa em ser encontrada por busca local; Google Ads acelera isso.";4;Baixa;https://completamoveisplanejados.com.br/ | https://www.instagram.com/completa_moveis/
2026-09-29;Marcenarias;Grande Florianópolis;15;Arvoredo Móveis Sob Medida;http://arvoredo.ind.br/online/;(48) 3243-**** (número completo não encontrado);https://www.instagram.com/arvoredomoveissobmedida/;Rua Hipólito Henrique Pfleger, 771 – Fundos;Rio Caveiras, Biguaçu;Fundada em 09/08/2016 (~10 anos);não encontrado;não encontrado;não verificado;não verificado;não verificado;Móveis sob medida e decoração;não encontrado;não encontrado;"10 anos; equipe com produção, projeto e design; publica Reels; perfil no Reclame Aqui";Equipe estruturada e produção de vídeo: bom material para criativos de anúncio.;4;Baixa;https://www.solutudo.com.br/empresas/sc/biguacu/moveis-planejados-marcenarias/arvoredo-moveis-14333981 | https://www.instagram.com/arvoredomoveissobmedida/reels/ | https://cnpj.biz/25432759000174
2026-09-29;Marcenarias;Grande Florianópolis;16;WN Móveis Sob Medida;https://wnmoveissobmedida.com.br/;não encontrado;não encontrado;não encontrado;Florianópolis;20 anos;não encontrado;não encontrado;não verificado;não verificado;não verificado;Marcenaria alto padrão, visita técnica gratuita;não encontrado;não encontrado;Alto padrão, 20 anos, oferta de visita gratuita (gancho de conversão);Já tem uma oferta de entrada que funciona bem em anúncios (visita técnica grátis).;4;Baixa;https://wnmoveissobmedida.com.br/
2026-09-29;Marcenarias;Grande Florianópolis;17;Lima's Art Marcenaria;https://www.limasartmarcenaria.com.br/;não encontrado;não encontrado;não encontrado;Florianópolis (atende também Itapema, Bombinhas e Balneário Camboriú);25 anos;não encontrado;não encontrado;não verificado;não verificado;não verificado;Móveis personalizados para residências e empresas;não encontrado;não encontrado;Atende litoral de alto poder aquisitivo (BC, Itapema, Bombinhas);Atua em regiões nobres onde campanhas geolocalizadas têm alto retorno.;4;Baixa;https://www.limasartmarcenaria.com.br/
2026-09-29;Marcenarias;Grande Florianópolis;18;Studio Marcenaria Móveis;não encontrado;(48) 98877-0331;https://www.instagram.com/studio.marcenariamoveis/ (também citado @oficialgeovanemoveis);não encontrado;São José;20 anos;não encontrado;não encontrado;não verificado;não verificado;não verificado;Móveis sob medida residenciais;não encontrado;não encontrado;"20 anos de mercado; sem site encontrado";Muita experiência e pouca estrutura digital: espaço grande para ganho com anúncios.;3;Baixa;https://www.instagram.com/studio.marcenariamoveis/ | https://guiafacil.com/encontre/marcenarias/sao-jose/sc
2026-09-29;Marcenarias;Grande Florianópolis;19;Laerte Marcenaria Moderna;https://www.laertemarcenariamoderna.com.br/;não encontrado;https://www.instagram.com/laertemarcenaria/;Rua Tereza Cristina, 545;Estreito, Florianópolis;Fundada em 28/05/2013 (~13 anos);não encontrado;não encontrado;não verificado;não verificado;não verificado;Móveis sob medida;não encontrado;não encontrado;13 anos, site + Instagram + Facebook;Empresa madura na parte continental de Florianópolis com canais digitais prontos para receber tráfego.;3;Baixa;https://www.laertemarcenariamoderna.com.br/ | https://www.instagram.com/laertemarcenaria/ | https://www.econodata.com.br/consulta-empresa/18197200000141-clasen-e-santos-marcenaria-ltda
2026-09-29;Marcenarias;Grande Florianópolis;20;Sid Marcenaria;https://sidmarcenaria.com.br/;(48) 99961-5572;não encontrado;não encontrado;Florianópolis;9+ anos;não encontrado;não encontrado;não verificado;não verificado;não verificado;Móveis planejados comerciais e residenciais, projetos computadorizados;não encontrado;não encontrado;"Site com telefone no título (foco em conversão); domínio não resolveu no teste de acesso";"Tem foco em conversão, mas o site pode estar fora do ar; vale confirmar antes de abordar.";3;Baixa;https://sidmarcenaria.com.br/
2026-09-29;Marcenarias;Grande Florianópolis;21;Real Art Móveis Sob Medida;https://www.realartmoveis.com.br/;não encontrado;não encontrado;não encontrado;Florianópolis;15+ anos;não encontrado;não encontrado;não verificado;não verificado;não verificado;Móveis sob medida residenciais e comerciais;não encontrado;não encontrado;"15 anos; poucos dados de contato encontrados";"Empresa madura, mas faltam dados para qualificar; exige pesquisa manual.";3;Baixa;https://www.realartmoveis.com.br/
2026-09-29;Marcenarias;Grande Florianópolis;22;Lignina Móveis Planejados;https://ligninamoveisplanejados.com.br/;(48) 99911-6095;não encontrado;CEP 88101-070;Campinas, São José;Desde 21/10/2020 (~6 anos);não encontrado;não encontrado;não verificado;não verificado;não verificado;"Móveis sob medida; projeto gratuito, instalação e pós-venda";não encontrado;não encontrado;"Site com páginas de SEO por cidade; loja física desde 2020";"Já investe em SEO e é mais nova; pode já estar anunciando.";3;Baixa;https://ligninamoveisplanejados.com.br/marcenaria-florianopolis/ | https://b2bleads.com.br/empresa/lignina-comercio-de-moveis-ltda-39502482000113
2026-09-29;Marcenarias;Grande Florianópolis;23;Marcenaria Carlos;não encontrado;não encontrado;não encontrado;Rua Pery Cabral, 694;Prado de Baixo, Biguaçu;Desde 21/03/2012 (~14 anos);não encontrado;não encontrado;não verificado;não verificado;não verificado;Móveis planejados / marcenaria;Carlos Gilberto Becker;Titular do CNPJ;14 anos, sem site ou redes encontrados;"Negócio antigo e sem canais digitais; precisaria de estrutura antes do tráfego.";3;Baixa;https://www.solutudo.com.br/empresas/sc/biguacu/moveis-planejados-marcenarias/marcenaria-carlos-16573628
2026-09-29;Marcenarias;Grande Florianópolis;24;Schreiber Marcenaria;https://schreibermarcenariablog.wordpress.com/;(48) 3240-8313;https://www.instagram.com/schreiber_marcenaria/;Rua Petúnia, 521;Jardim Eldorado, Palhoça;não encontrado;não encontrado;não encontrado;não verificado;não verificado;não verificado;Móveis e ambientes planejados em MDF, corporativo e residencial;não encontrado;não encontrado;"Atende corporativo e residencial; site em blog gratuito; perfil na OLX";Presença digital amadora (blog/OLX) indica oportunidade de profissionalizar a captação.;1;Baixa;https://schreibermarcenariablog.wordpress.com/ | https://www.instagram.com/schreiber_marcenaria/ | https://www.olx.com.br/perfil/schreiber-marcenaria-523acf6c
2026-09-29;Marcenarias;Grande Florianópolis;25;Artisan Marcenaria e Design;não encontrado;(48) 99685-5215 / (48) 99626-3362;https://www.instagram.com/artisanmarcenaria/;Rua Coronel Teixeira Oliveira, 410 – Andar 1;Centro, Biguaçu;não encontrado;não encontrado;não encontrado;não verificado;não verificado;não verificado;Móveis sob medida com predominância de madeira;não encontrado;não encontrado;"Sem site; Instagram e Facebook ativos como canais";Sem site próprio: dá para oferecer campanha de mensagens no WhatsApp via Meta Ads.;1;Baixa;https://www.akilar.com.br/profissional/biguacu-sc/artisan-marcenaria-e-design | https://www.instagram.com/artisanmarcenaria/ | https://www.econodata.com.br/consulta-empresa/29383206000120-artisan-marcenaria-e-design-ltda
2026-09-29;Marcenarias;Grande Florianópolis;26;Kabak Marcenaria;https://kabakmarcenaria.com.br/;não encontrado;não encontrado;não encontrado;Florianópolis;~20 anos (experiência da fundadora);não encontrado;não encontrado;não verificado;não verificado;não verificado;Marcenaria autoral, móveis sob medida feitos à mão;Carmem;Artesã mestra e empresária (fundadora);"Posicionamento autoral e liderado por mulheres; decisora identificada";Marca com história forte, ótima para anúncios de branding e conteúdo.;1;Baixa;https://kabakmarcenaria.com.br/
2026-09-29;Marcenarias;Grande Florianópolis;27;Bellazio Móveis Sob Medida;não encontrado;(48) 99836-2014;https://www.instagram.com/bellaziomoveis/;R. Carlos Drummond de Andrade, 3209;Real Parque, São José;não encontrado;não encontrado;não encontrado;não verificado;não verificado;não verificado;Móveis sob medida com projetos de designers de interiores;não encontrado;não encontrado;Instagram posicionado como 'Móveis Sob Medida | Floripa';"Trabalha com designers de interiores; campanhas podem atrair arquitetos e clientes finais.";1;Baixa;https://casadosdados.com.br/solucao/cnpj/bellazio-moveis-sob-medida-ltda-29256432000140 | https://www.instagram.com/bellaziomoveis/
2026-09-29;Marcenarias;Grande Florianópolis;28;Marcos Móveis Sob Medida;https://www.marcosmoveissobmedida.com.br/;(48) 3245-3448;não encontrado;Rua Antônio Francisco da Silva, 334;Sul Rio, Santo Amaro da Imperatriz;não encontrado;não encontrado;não encontrado;não verificado;não verificado;não verificado;Móveis sob medida (atende Santo Amaro, Águas Mornas e Palhoça);não encontrado;não encontrado;"Tem site; sem Instagram encontrado";"Presença digital limitada em cidade menor; anúncios locais custam pouco e dominam a região.";0;Baixa;https://www.marcosmoveissobmedida.com.br/ | https://www.guiaurbana.com.br/e/marcos-moveis-sob-medida-santo-amaro-da-imperatriz-sc
2026-09-29;Marcenarias;Grande Florianópolis;29;Officina Marcenaria;não encontrado;(48) 3236-1884;não encontrado;Rua Divino Espírito Santo, 75;Rio Tavares, Florianópolis;não encontrado;não encontrado;não encontrado;não verificado;não verificado;não verificado;Marcenaria;não encontrado;não encontrado;Só presença em diretórios;"Pouca presença online; exige qualificação por telefone antes.";0;Baixa;https://www.marcenarias.net.br/sobre/officina-marcenaria | https://www.akilar.com.br/profissional/florianopolis-sc/officina-marcenaria
2026-09-29;Marcenarias;Grande Florianópolis;30;Planejados Florianópolis;https://planejadosflorianopolis.com.br/;não encontrado;não encontrado;não encontrado;Florianópolis;não encontrado;não encontrado;não encontrado;não verificado;não verificado;não verificado;Móveis planejados e sob medida, acabamento premium;não encontrado;não encontrado;"Domínio com palavra-chave exata; tem página no Reclame Aqui";"Aposta em busca orgânica; dados insuficientes e reputação a checar no Reclame Aqui.";0;Baixa;https://planejadosflorianopolis.com.br/ | https://www.reclameaqui.com.br/empresa/planejados-florianopolis-marcenaria-de-moveis-sob-medida-ltda/
